First Name,Last Name,Job Title,Salary,Random Number
Liv,Welch,Chef,165606.46,49
Franklin,Marquez,Optician,122081.49,100
Wrenley,Keller,Film and Video Editor,117246.28,65
Alexander,Thomas,Nuclear Engineer,113160.0,88
Omar,Villegas,Writer and Author,172218.54,70
Presley,Black,Graphic Designer,103496.63,25
Virginia,Walton,Cost Estimator,210614.75,92
Amirah,Hahn,Computer Hardware Engineer,122722.67,66
Aspen,Wallace,Software Engineer,119716.28,3
Sky,Benson,Fitness Trainer,98029.79,89
Dahlia,Thornton,Sales Associate,93123.81,57
Jessie,Beard,Music Director,195274.65,41
Nico,Farley,Camera Operator,179868.23,89
August,Howard,Electronics Engineer,181950.81,23
Zaniyah,Camacho,Registered Nurse,193732.69,8
Paula,Moyer,Environmental Engineer,208206.22,18
Aliyah,Morse,Surveyor,209524.47,9
Waylon,Moran,Dancer,158990.34,7
Carolyn,Roman,Human Resources Manager,249360.26,37
Colter,Hoover,Software Engineer,213006.72,4
Joziah,Day,Musician,225809.24,26
Belen,Holloway,Receptionist,225347.38,43
Keaton,Yoder,Business Analyst,184170.33,56
Morgan,Todd,Group Fitness Instructor,176238.01,76
Judith,Lawrence,Choreographer,154718.9,11
Jax,Jaramillo,Public Relations Manager,88282.95,98
Judith,Murray,Chief Operating Officer (COO),202456.63,91
Demi,Figueroa,Marketing Coordinator,75857.83,16
Grant,Gill,Producer and Director,220679.64,86
Archer,Hinton,Camera Operator,195210.08,5
Francesca,Vega,Chef,242108.69,36
Audrey,McConnell,Chief Executive Officer (CEO),214962.41,87
Karter,Tate,Compliance Officer,231777.9,11
Felipe,Miles,Cost Estimator,107525.31,51
Fernanda,Patrick,Film and Video Editor,129651.45,43
Gerald,Mosley,Health and Safety Engineer,123568.7,42
Aries,Brennan,Executive Assistant,102217.47,85
Nancy,Hull,Compensation and Benefits Manager,164504.44,33
Karson,Solomon,Architect,204116.42,100
Celeste,Swanson,Customer Service Representative,96188.85,31
Madalyn,Thomas,Loan Officer,209299.59,62
Kaylie,Adams,Respiratory Therapist,188702.09,33
Kathryn,Long,Teacher Assistant,96135.57,8
Bear,Le,Economist,185040.53,98
Felipe,Horton,Loan Officer,144112.86,39
Miguel,Paul,Transportation Engineer,148035.6,90
Laylani,Myers,Loan Officer,111019.5,66
Piper,Lawrence,Choreographer,104027.24,76
Virginia,Bradley,Writer and Author,114973.58,52
Winter,Sheppard,Chief Operating Officer (COO),172332.08,55
Allan,Leonard,Biophysicist,181127.98,77
Rayna,York,IT Manager,168279.4,69
Laylah,Brooks,Cook,170825.02,68
Bode,Burnett,Actor,146238.01,24
Etta,Collier,Cook,195192.06,64
Novah,Shah,Teacher Assistant,118971.07,46
Leia,Guevara,Film and Video Editor,245227.46,98
Arianna,Sanders,Music Director,177735.97,68
Raina,Larsen,Registered Nurse,202968.51,57
Molly,Fry,Finance Manager,130935.74,46
Mya,Martin,Host or Hostess,186080.83,89
Amirah,Mata,Biochemist,148856.04,10
Tatum,Moody,Sales Associate,201617.9,100
Jayceon,Flores,Data Scientist,100027.39,61
Adalee,Strong,Radiologic Technologist,177523.06,62
Ty,Juarez,Sales Director,169911.18,95
Carly,Fletcher,Finance Manager,172152.27,30
Michelle,Flores,Web Developer,169927.17,35
Keanu,Bauer,Solar Photovoltaic Installer,207851.38,16
Dion,Herring,Office Manager,84734.59,83
Shay,Wiley,Public Relations Specialist,132144.63,65
Shepherd,Flores,Network and Computer Systems Administrator,218578.65,30
Kaleb,Murillo,Business Development Manager,139266.53,50
Karson,Barber,Occupational Health and Safety Specialist,230681.08,60
Olivia,McMahon,Biochemist,185915.98,89
Molly,McDowell,Occupational Health and Safety Specialist,94752.77,88
Emberly,Mathews,Digital Marketing Manager,184940.16,60
Dalton,Mitchell,Digital Marketing Manager,154441.76,10
Maddox,Montgomery,Medical Records and Health Information Technician,112205.73,44
Noa,Grimes,Information Security Analyst,98261.29,81
Bobby,Thomas,Data Scientist,120387.19,20
Alicia,Benjamin,Pharmacist,125070.05,49
Gracie,Kemp,Writer and Author,170841.99,17
Jose,Hahn,Camera Operator,95511.51,10
Musa,Briggs,Chemical Engineer,224240.65,6
Zariah,Newton,Rehabilitation Counselor,128223.1,8
Alani,Morales,Broadcast and Sound Engineering Technician,197317.24,13
Kinslee,Guevara,Chief Executive Officer (CEO),140700.21,21
Jane,Aguirre,Electronics Engineer,148855.97,71
Leyla,Tyler,Medical and Health Services Manager,134537.16,67
Lincoln,Orr,Graphic Designer,181434.06,98
Aliana,Chambers,Personal Care Aide,93620.29,97
Mariam,Peters,Data Analyst,242616.7,57
Louie,Villarreal,Auditor,178369.83,89
Adonis,Shelton,Sociologist,160031.03,36
Megan,Daugherty,Software Developer,139745.08,28
Brynn,Reyes,Respiratory Therapist,215403.82,83
Casen,Trujillo,Archaeologist,243114.85,65
Trace,Manning,Pharmacy Technician,243402.08,20
Callum,Joseph,Correspondent,247371.2,87
Lyanna,Johnston,Administrative Assistant,92466.45,95
Maddison,Lin,Administrative Assistant,93318.72,34
Colson,Silva,Architect,161145.25,16
Nico,Valencia,Sales Manager,144492.39,100
Jayceon,Robinson,Web Developer,226366.33,10
Laylah,Drake,Correspondent,152516.73,87
Audrey,Daugherty,Editor,187009.41,41
Helena,Lang,Surgeon,145176.94,7
Deandre,Knapp,Management Analyst,238677.67,24
Mallory,Maynard,Film and Video Editor,237372.63,59
Harlee,Lucas,Plumber,154916.49,15
Weston,Vaughan,"Meeting, Convention, and Event Planner",179543.53,82
Makai,Maddox,Cost Estimator,155154.95,83
Sabrina,Salas,Fundraiser,191808.69,42
Zuri,Robles,Agricultural Engineer,140567.42,47
Janiyah,Flores,Research Assistant,86733.39,95
Drew,Duarte,Health and Safety Engineer,209106.47,62
Catalina,Travis,Nanny,134986.47,73
Mila,Chung,General Manager,128967.47,40
Mira,Bradshaw,Archaeologist,121772.79,52
Kylian,Sutton,Political Scientist,143731.41,4
Rivka,Shelton,Respiratory Therapist,90111.31,18
Lucia,Mitchell,Executive Assistant,244257.77,87
Lincoln,Horton,Project Manager,130928.61,24
Carly,Blevins,Veterinary Technician,185411.89,33
Makenzie,Arellano,Content Manager,245162.7,49
Jamal,Glover,Physician Assistant,122947.5,64
Darian,Huff,Graphic Designer,201497.34,15
Marie,Daniels,Public Relations Manager,135129.73,19
Gracie,Everett,Physical Therapist,195463.9,100
Maggie,Day,Chemical Engineer,182404.22,44
Lyric,Pitts,Computer Hardware Engineer,168666.26,52
Dayton,Knight,Public Relations Specialist,140690.74,6
Pierce,Richards,Barista,209851.68,27
Emberly,Hendricks,UX Designer,104760.0,59
Joe,Daniels,Systems Analyst,234405.16,96
Adam,Gill,Content Manager,126356.52,40
Izabella,McDaniel,Forester,187072.33,7
Jose,Hess,Microbiologist,222141.69,66
Maximiliano,Rosales,Nanny,242798.47,52
Ocean,Holt,Anthropologist,230730.76,47
Trevor,Valencia,Occupational Health and Safety Specialist,215131.44,49
Eugene,Gibbs,Credit Analyst,229170.49,15
Cara,Smith,Nanny,139435.53,90
Allison,Padilla,Product Manager,144648.99,45
Lincoln,Rosario,Political Scientist,75447.88,89
Jaylah,Rush,Chief Operating Officer (COO),104010.42,33
Kason,Huang,Credit Analyst,120128.93,39
Omar,Lugo,Environmental Engineer,245928.29,57
Alayah,Hull,Waiter or Waitress,176609.27,3
Conor,Coffey,Marketing Manager,197391.82,76
Kayson,Hartman,Mining and Geological Engineer,198968.56,19
Malik,Rivers,Business Development Manager,109436.11,32
Justin,Knight,Environmental Engineer,241175.4,71
Lucia,Perry,Conservation Scientist,102208.37,67
Boden,Barnett,Bartender,188273.22,51
Angelica,Morales,Geographer,158138.93,31
Raina,Gardner,Pharmacist,203592.28,72
Kaitlyn,Cox,Project Manager,135318.25,67
Zyaire,Ryan,Branch Manager,160202.68,35
Grady,Medrano,Plumber,243616.59,5
Jesus,Travis,Recruiter,200694.5,18
Keenan,Shields,Customer Service Representative,106537.57,93
Kelsey,Farrell,Fundraiser,142231.63,45
Marceline,Castillo,Finance Manager,118151.3,87
Niklaus,Thomas,IT Manager,156155.23,15
Mylah,Brooks,Network and Computer Systems Administrator,201777.98,42
Dahlia,Sheppard,Recruiter,100278.04,37
Zaniyah,Lindsey,Human Resources Manager,192305.19,28
Bethany,Gill,Management Analyst,211103.0,25
Bryce,Valenzuela,Urban and Regional Planner,178453.19,44
Adelynn,Floyd,Writer and Author,86791.45,82
Michelle,West,Product Manager,240363.29,8
Esmeralda,Swanson,Medical and Health Services Manager,100604.4,61
Aniya,Simon,Photographer,107021.67,89
Callie,Olson,Musician,80641.77,4
Maeve,Wilkerson,Chef,83154.43,44
Bobby,Blackburn,Environmental Engineer,148864.13,12
Kayden,Padilla,Compliance Officer,220179.73,7
Joziah,Montes,Auditor,98177.67,53
Margot,Day,Announcer,212349.6,50
Riggs,Campos,Software Engineer,94917.73,57
Trenton,Larsen,Chemical Engineer,112530.55,31
Kalani,Glass,Recreation Worker,211824.4,43
Duncan,Padilla,Electrician,145159.53,25
Beau,Delacruz,Plumber,151857.51,5
Casen,Schmidt,Project Coordinator,113971.49,26
Robin,Schneider,Music Director,104018.1,12
Kayson,Velez,Geoscientist,195336.79,55
Kyrie,Erickson,Medical Scientist,219594.03,25
Briggs,Cobb,Computer Hardware Engineer,125657.58,60
Alora,Estrada,Management Analyst,121938.89,63
Rhea,White,Biomedical Engineer,166549.23,99
Garrett,Watts,Architect,161280.48,23
Brecken,McGuire,Editor,171356.1,50
Miguel,Andrade,Nuclear Engineer,135228.75,3
Kamiyah,Kerr,Chef,145975.87,30
Ocean,Hail,Political Scientist,84493.15,6
Boone,Johnston,Occupational Health and Safety Specialist,210235.64,75
Amayah,Horne,Purchasing Manager,94425.03,87
Destiny,McDaniel,"Meeting, Convention, and Event Planner",222951.38,97
Everly,Sims,Database Administrator,133205.73,97
Katie,Jensen,Physicist,111843.24,90
Skye,Hamilton,Music Director,90606.2,64
Leandro,Sullivan,Editor,90556.29,41
Winter,Hess,Massage Therapist,236135.78,3
Emma,Correa,Medical Scientist,166674.91,57
Jaylin,Keith,Data Analyst,169578.68,57
Waylon,Delacruz,Operations Manager,146805.5,41
Philip,Cortes,Mining and Geological Engineer,191900.06,9
Piper,Hull,Research Assistant,155754.7,78
Remi,Friedman,Medical Records and Health Information Technician,195697.63,68
David,Dunlap,Legal Assistant,196309.57,32
Simone,Branch,Product Manager,91414.15,35
Kylian,Cantu,Management Analyst,235781.72,79
Alora,Murphy,Plumber,204408.15,53
Riggs,Flores,Media Buyer,214904.15,38
April,Whitaker,Chief Financial Officer (CFO),163397.31,56
Sawyer,Burke,Massage Therapist,111983.74,33
Kimberly,Berger,Surgeon,138128.68,37
Kaiser,Newton,Management Analyst,147589.39,12
Catalina,Carpenter,Tax Examiner,78883.69,63
Jaxx,Melton,Compensation and Benefits Manager,238435.08,12
Beckett,Magana,Industrial Engineer,226265.27,2
Maggie,Glass,Director of Sales,121323.83,86
Graham,Branch,Photographer,221694.31,22
Briggs,Hudson,Tax Examiner,234972.31,11
Megan,Franco,Medical and Health Services Manager,241791.8,49
Roy,Mayo,Loan Officer,182744.89,14
London,Swanson,Materials Engineer,122915.74,13
Ayden,Hanson,"Employment, Recruitment, and Placement Specialist",240277.03,1
Magdalena,Thomas,Urban and Regional Planner,190597.11,29
Carolyn,Navarro,Urban and Regional Planner,128459.11,48
Emilia,Johnston,Training and Development Manager,114488.71,88
Keenan,Melendez,Data Analyst,93581.54,48
Sky,Francis,Architect,234459.2,10
Makai,Ford,Producer and Director,199355.86,85
Zariah,Mayer,Chemical Engineer,106866.04,75
Derrick,Person,Chief Executive Officer (CEO),236439.94,40
Robin,McDaniel,Editor,102463.89,30
Zion,Terry,Executive Assistant,175522.29,56
Raphael,Zamora,Computer Programmer,189864.81,13
Soren,Padilla,Film and Video Editor,246971.37,84
Lyra,Reeves,Cook,229684.98,34
Ibrahim,Stanton,Chemical Engineer,222361.69,32
Dominick,Manning,Bartender,137724.36,88
Blaise,Weber,Sociologist,148077.98,51
Kayson,Powers,Massage Therapist,76634.43,40
Myles,Harvey,Account Manager,77799.07,43
Lewis,Leal,Physician Assistant,237061.33,28
Franklin,Rush,Labor Relations Specialist,206547.16,9
Guadalupe,Lopez,Art Director,146995.94,78
Kalani,Burnett,Group Fitness Instructor,103530.62,23
Etta,Hardy,Finance Manager,119665.92,24
Finley,Savage,Personal Financial Advisor,215332.13,91
Xiomara,Perkins,Medical Scientist,137760.36,34
Mckenzie,Figueroa,Data Analyst,167538.51,51
Skye,Castaneda,Health and Safety Engineer,112331.18,88
Kennedi,Gibbs,Compensation and Benefits Manager,247986.67,54
Lincoln,Giles,Conservation Scientist,78826.56,30
Issac,Vega,Pharmacist,143271.5,18
Frank,Lugo,Group Fitness Instructor,137715.89,24
Queen,Norris,Personal Care Aide,82088.49,92
Rio,McDaniel,Actor,215732.38,72
Amira,Stewart,Surveyor,119953.61,39
Ibrahim,Day,Electrical Engineer,222518.09,97
Karsyn,Weber,Aerospace Engineer,102493.31,36
Natasha,Kline,Musician,228605.4,37
Cohen,Ryan,Receptionist,217611.75,63
Danielle,Lucero,Reporter,162354.57,95
Clarissa,Walton,Biomedical Equipment Technician,152741.68,18
Harris,Powers,Systems Analyst,95140.89,81
Melvin,Simon,Data Scientist,85463.55,73
Bellamy,Villalobos,Plumber,102476.53,96
Lukas,Zhang,Producer and Director,165593.25,17
Esme,Stephens,Host or Hostess,227477.99,60
Fernando,Jackson,Marketing Manager,77891.86,68
Bellamy,Palacios,Director of Sales,99364.1,6
Destiny,Johnston,Chief Technology Officer (CTO),232706.48,83
Lauryn,Fleming,Receptionist,119330.65,87
Issac,Krueger,Zoologist,247868.96,38
Gracie,Townsend,Operations Manager,106895.7,27
Colson,McDaniel,"Meeting, Convention, and Event Planner",236394.0,70
Catalina,Beasley,Copywriter,161595.38,65
Hugo,Hamilton,Archaeologist,136339.08,59
Malaysia,Sheppard,Speech-Language Pathologist,211656.69,76
Noah,Espinosa,Training and Development Manager,76946.51,54
Randy,Clark,Software Developer,168713.83,35
Clayton,Morton,Editor,138199.03,61
Abigail,Shah,Rehabilitation Counselor,233988.13,51
Nolan,Stephenson,Forester,155389.92,82
Alaya,Roman,Producer and Director,80839.59,80
Kamari,Clarke,Credit Analyst,122751.5,4
Abel,Stone,Massage Therapist,188885.09,43
Magdalena,Cantu,Restaurant Manager,189042.91,19
Rowan,Rivers,Aerospace Engineer,198367.74,54
Thaddeus,Leal,Broadcast and Sound Engineering Technician,186910.75,76
Louisa,Owen,Bartender,125159.05,93
Adonis,Chambers,Mechanical Engineer,188001.94,82
Kaliyah,Patton,Product Manager,182943.11,55
Harris,Harris,Advertising Sales Agent,198792.92,8
Emilia,Leblanc,Legal Assistant,222904.49,99
Gideon,Delacruz,Chief Financial Officer (CFO),167540.72,40
Moses,Colon,Account Manager,239223.65,64
Armando,Anthony,Geographer,82831.87,18
Briggs,Ortega,Massage Therapist,249899.88,25
Martin,Andrade,Veterinary Technician,207429.45,66
Reginald,Baldwin,Research Assistant,180250.1,61
Jagger,Blevins,Materials Engineer,234987.01,99
Cohen,Black,Transportation Engineer,163280.42,18
Laylah,McDaniel,Finance Manager,134086.06,29
Morgan,Johnston,Bartender,143283.94,17
Miracle,Hill,Fitness Trainer,172402.82,41
Imani,Ryan,Transportation Engineer,223608.67,80
Brooklyn,Kemp,Data Analyst,155547.57,97
Tatum,Odom,Chef,203644.44,4
Keaton,Delgado,Pharmacist,194465.19,57
Aspen,Huerta,Chemist,129402.98,43
Cairo,Maynard,Budget Analyst,152453.95,38
Teresa,Wang,Chief Operating Officer (COO),232717.2,60
Janiyah,McBride,Writer and Author,236664.09,85
Angel,Bradley,Speech-Language Pathologist,153698.06,68
Laylah,Anderson,Reporter,115141.92,10
Cohen,O’Donnell,Graphic Designer,242295.81,35
Ari,Webb,Health and Safety Engineer,134423.63,89
Kamryn,Wilcox,Aerospace Engineer,217021.92,12
Arlo,Wallace,Chief Operating Officer (COO),140833.51,91
Tatum,Knox,Cost Estimator,125842.85,100
Kaitlyn,Bradford,Business Development Manager,100478.82,89
Connor,Bryant,Receptionist,248841.4,97
Tyler,Thomas,Restaurant Manager,216895.79,63
Ayleen,Cantrell,Business Analyst,148222.72,31
Remi,Walton,Editor,76902.18,87
Sutton,Frazier,Sales Engineer,194827.3,75
Zaiden,Johnston,Human Resources Manager,130708.18,6
Darwin,Sloan,Training and Development Manager,185432.45,25
Sutton,McLaughlin,Labor Relations Specialist,214527.61,5
Magdalena,Rivers,Business Development Manager,221527.73,75
Emilia,Bartlett,"Meeting, Convention, and Event Planner",160100.85,27
Laylah,Robbins,Broadcast and Sound Engineering Technician,166029.54,67
Liv,Ryan,Sales Director,204622.92,90
Aldo,Rhodes,Account Manager,88556.8,77
Colson,Floyd,Athletic Trainer,114150.12,86
Imani,Copeland,Branch Manager,119788.31,67
Brodie,Hicks,Recreation and Fitness Studies Teacher,191491.31,24
Bellamy,Nichols,Restaurant Manager,101088.16,31
Demi,Carey,Software Engineer,229708.16,84
Grant,Burgess,Digital Marketing Manager,150015.67,80
Dahlia,Francis,Data Analyst,229366.88,28
Reagan,Clayton,Biomedical Engineer,199437.63,84
Benson,Daniels,Graphic Designer,131614.66,27
Royal,Burch,Legal Assistant,173322.81,10
Norah,Sims,Human Resources Specialist,234022.09,88
Ximena,Vazquez,Producer and Director,235836.61,61
Santino,Morse,Civil Engineer,107229.44,83
Madden,Buckley,Graphic Designer,196155.5,24
Lauren,Salas,Health and Safety Engineer,101733.13,31
Wren,Knapp,Compliance Officer,133554.77,82
Jane,Aguirre,Cost Estimator,94775.59,15
Trace,Rangel,Anthropologist,178513.38,58
Paola,Clayton,Training and Development Manager,112019.97,63
Autumn,Burch,Mining and Geological Engineer,193017.27,17
Murphy,Welch,Film and Video Editor,213602.44,93
Khalid,Knox,Actor,116276.48,75
Rey,Brock,Personal Financial Advisor,228493.48,57
Angelica,Gentry,Correspondent,168569.33,62
Charley,Walton,Physical Therapist,163449.77,8
Belen,Montgomery,Petroleum Engineer,190866.6,83
Harvey,Villalobos,Controller,170005.17,22
Boden,Parker,Chief Financial Officer (CFO),110413.96,54
Harmony,Cervantes,Nanny,149128.66,76
Nathanael,Holmes,Chemist,75992.09,17
Joziah,Brennan,Radiologic Technologist,81233.77,6
Mira,Chapman,Materials Engineer,229470.37,37
Kieran,Ramirez,Content Manager,208421.48,21
Emberly,McGuire,Human Resources Manager,109905.45,33
Bo,Lewis,Biochemist,208525.71,50
Ashton,Chapman,Film and Video Editor,121599.53,62
Abigail,O’Connor,Chef,143400.05,5
Keanu,Ramirez,Transportation Engineer,239594.68,25
Amira,Jacobson,Project Manager,196527.19,14
Hadleigh,Jensen,Credit Analyst,188147.47,73
Paityn,Schneider,Plumber,80827.6,31
Stephen,O’Connor,Archaeologist,202001.99,58
Giavanna,Wang,Urban and Regional Planner,112950.06,9
Makai,Howe,Sales Associate,183582.12,91
Deacon,Townsend,Massage Therapist,175744.38,82
Ivanna,Richardson,Optician,243439.52,68
Veda,Hancock,Archaeologist,157533.8,31
Norah,Wilcox,Accountant,90324.59,81
Gracelynn,Huang,Financial Examiner,107226.79,13
Kashton,Mueller,Reporter,126388.82,37
Zoie,Pearson,Multimedia Artist and Animator,150671.9,10
Braelyn,Ortega,Personal Care Aide,204480.88,11
Erick,Jacobson,Optician,197447.68,40
Chana,Pitts,Camera Operator,143007.24,76
Laylah,Bradshaw,Executive Assistant,244859.45,95
Brooklyn,Smith,Wind Turbine Technician,205654.44,33
Kamari,Archer,Transportation Engineer,124339.53,7
Noel,Jackson,Web Developer,192817.56,43
Douglas,Huerta,Sociologist,206036.17,64
Oscar,Daniels,Health and Safety Engineer,208956.78,57
Briggs,Mendoza,Petroleum Engineer,82684.59,13
Kathryn,Finley,Food Preparation Worker,208830.04,66
Kamila,Morrow,Solar Photovoltaic Installer,243597.35,75
Lyra,Randall,Account Manager,156196.45,92
Sienna,Miller,Food Server,195605.02,30
Madden,Truong,Nanny,136596.54,97
Princeton,Marsh,Physician Assistant,89859.56,91
Anika,Krueger,Loan Officer,134267.65,69
Phoenix,Zamora,Chief Operating Officer (COO),117712.24,68
Trace,Beil,Content Manager,99677.89,17
Aylin,Daugherty,Hydrologist,95240.45,74
Dominick,McCoy,Systems Analyst,156486.59,63
Nikolas,Fields,Mining and Geological Engineer,172107.99,31
Jocelyn,Parrish,Event Manager,145618.23,39
Jerry,Miller,Optician,233084.42,21
Dominick,Knight,Archaeologist,228816.85,61
Boden,Graves,"Meeting, Convention, and Event Planner",138901.29,13
Everly,Garrison,Chemist,83621.51,48
Paityn,Bryant,Announcer,162942.61,33
Beau,McDaniel,Rehabilitation Counselor,76504.98,98
Wyatt,Huang,Bartender,189693.21,93
Emory,Hail,IT Manager,142978.75,30
Dahlia,McPherson,Finance Manager,222362.07,85
Cassius,Bradford,Economist,232670.17,6
Jaxon,Waller,Auditor,108833.93,31
Gerald,Cordova,Credit Analyst,187985.3,23
Jordyn,Avila,Massage Therapist,105948.29,20
Dante,White,"Meeting, Convention, and Event Planner",175926.17,56
Bode,Chambers,Training and Development Manager,165341.11,75
Callen,Beil,Market Research Analyst,211212.56,72
Bode,Wall,Director of Marketing,140730.95,60
Kyrie,Bryant,Office Manager,125370.27,70
Winter,Armstrong,Residential Advisor,221754.09,69
Kylian,Wise,Urban and Regional Planner,202903.72,61
Quincy,Powers,Film and Video Editor,228818.21,26
Joe,Correa,Operations Manager,211605.2,20
Kaleb,Gilmore,Urban and Regional Planner,166488.99,6
Raymond,Cochran,Environmental Scientist,143343.34,69
Ricardo,Zavala,Controller,218167.69,47
Wren,Beltran,Business Analyst,93020.01,99
Emma,Valdez,Sales Director,104799.56,81
Yaretzi,Butler,Database Administrator,206409.87,60
Grady,Cannon,Purchasing Manager,219528.59,98
Kaliyah,Cortes,Business Analyst,170894.78,68
Jamir,McConnell,Radiologic Technologist,119940.67,27
Anika,Lester,Customer Service Representative,87788.65,29
Ashton,Garner,Fundraiser,194821.6,86
Khloe,Suarez,Physicist,214460.93,38
April,Fleming,Sociologist,248392.51,4
Santino,Abbott,General Manager,146224.16,63
Dayton,Santiago,Physician Assistant,194681.26,43
Leonardo,Combs,Physical Therapist,130978.83,29
Ibrahim,Adams,Food Preparation Worker,197336.88,99
Nico,Beard,Financial Examiner,87314.85,76
Helena,Hill,Event Manager,117111.23,42
Aliana,Perez,Human Resources Specialist,157675.45,53
Colette,Bauer,Hydrologist,114666.1,98
Dylan,Murray,Finance Manager,194216.5,14
Meadow,Mills,Archaeologist,203518.63,61
Ibrahim,McLaughlin,Urban and Regional Planner,219136.87,60
Trenton,Durham,Psychologist,240476.29,11
Aliyah,Peters,Correspondent,120097.4,90
Andy,Dudley,Database Administrator,238808.19,43
Jolie,Farrell,Sales Manager,90343.89,90
Freya,York,Barista,173634.1,99
Kolton,Walters,Solar Photovoltaic Installer,127776.21,4
Blaise,Orr,Sales Manager,212826.8,99
Cesar,Pugh,Cook,187731.45,22
Braelyn,Miles,Cost Estimator,214443.28,46
Megan,Morgan,Receptionist,245720.42,23
Alice,Gentry,Physician Assistant,150409.59,64
Arlo,Sharp,Conservation Scientist,118333.94,48
Sadie,Donaldson,Tax Examiner,185861.14,9
Colt,Callahan,Nanny,100914.65,24
Henrik,Baldwin,Social Worker,185398.3,53
Clare,Nelson,Electronics Engineer,102924.34,39
Marley,Espinosa,Residential Advisor,123841.97,20
Mikayla,Friedman,Finance Manager,208534.27,87
Leia,Thornton,Producer and Director,206603.83,58
Jagger,Henry,Music Director,89897.96,22
Zoie,Sims,Computer Programmer,83633.87,29
Giovanni,Camacho,Surveyor,177670.84,95
Cara,Lugo,Choreographer,244523.5,44
Arianna,Todd,Market Research Analyst,150806.79,72
Yahir,Wolfe,Anthropologist,216464.14,26
Randy,Burch,Business Development Manager,232300.38,20
Jonah,Delgado,Transportation Engineer,123478.45,93
Harlee,Pearson,Software Developer,108222.92,47
Belen,Cervantes,Public Relations Specialist,205891.41,37
Duncan,McDaniel,Microbiologist,245521.72,66
Harris,Campos,Purchasing Manager,96486.71,94
Scarlet,Montes,Client Services Manager,93395.27,44
Madalyn,Kemp,Office Manager,183361.88,77
Olive,Dudley,Respiratory Therapist,141880.26,42
Vienna,Walsh,Assistant Manager,133194.35,86
Ahmed,Foster,Financial Examiner,96186.44,43
Ariel,Dudley,Wind Turbine Technician,202587.66,57
Zyair,Correa,Urban and Regional Planner,194641.08,62
Jennifer,Mata,Public Relations Specialist,127212.86,11
Virginia,Howard,Environmental Scientist,127084.6,67
Virginia,Brennan,Biomedical Engineer,208955.26,46
Collins,Campos,Civil Engineer,85909.71,48
Jessie,Stanley,Transportation Engineer,83368.71,63
Castiel,Watts,Aerospace Engineer,150608.78,25
Donovan,Cantu,Mining and Geological Engineer,241616.02,83
Willie,Jensen,Sales Associate,106298.23,84
Santana,Hill,Teacher Assistant,145818.6,89
Laney,Novak,Hydrologist,196001.9,87
Louie,Hickman,Computer Hardware Engineer,159754.97,46
Thaddeus,Benjamin,Client Services Manager,91012.66,4
Felix,Rush,Marketing Coordinator,106442.68,79
Ramon,Maynard,Writer and Author,202981.11,8
Andi,Blair,Account Executive,210264.29,41
Ivanna,Vaughan,Information Security Analyst,76549.93,99
Hadleigh,Calderon,Social Worker,219222.16,72
Santos,Newton,Health and Safety Engineer,137876.48,35
Bellamy,James,Copywriter,227336.04,99
Vienna,Holloway,Branch Manager,122001.9,30
Rowan,Camacho,Chemist,204138.19,58
Bear,Keller,Social Worker,210178.79,69
Bailee,Beil,Rehabilitation Counselor,123792.01,99
Skyler,Valencia,Software Engineer,235936.42,21
Adelynn,O’Connor,Sales Director,186742.34,8
Hugo,Smith,Graphic Designer,178439.33,45
Zaiden,Sierra,Transportation Engineer,111618.34,22
Michael,Cantu,Graphic Designer,110984.78,52
Trace,Pennington,Chemical Engineer,147248.01,69
Joanna,Maynard,Waiter or Waitress,140236.95,40
Megan,Abbott,Urban and Regional Planner,83036.59,54
Grey,Hoover,Food Server,215199.43,100
Arlo,Wilcox,Database Administrator,102383.76,66
Lennon,Flores,Business Analyst,212166.92,34
Jamir,Raymond,Assistant Manager,221595.45,93
Francesca,Figueroa,Chemical Engineer,223358.8,47
Leroy,Buchanan,Sales Director,235966.52,15
Addisyn,Prince,Biochemist,124306.1,83
Alaric,Solomon,Branch Manager,156889.01,35
Kamari,Davis,Product Manager,200549.03,20
Paloma,Richmond,Database Administrator,246906.95,12
Emilia,Sierra,General Manager,81622.51,50
Tyson,Baldwin,Camera Operator,204878.79,34
Harmony,Blankenship,Database Administrator,134529.54,31
Zoie,Rush,Finance Manager,110814.19,73
Gracelyn,Holloway,Musician,98657.94,88
Margo,Lu,Agricultural and Food Scientist,139822.82,32
Edison,Bartlett,Plumber,100957.42,94
Archer,Clayton,Chief Technology Officer (CTO),126831.43,14
Drew,Meyers,Anthropologist,91290.72,18
Ximena,Martin,Customer Service Representative,127287.09,80
Eve,Martin,Public Relations Manager,143737.37,31
Trinity,Davidson,Customer Service Representative,150830.94,88
Aiden,Le,Zoologist,170036.6,91
Alonso,Stuart,Web Developer,117268.78,99
Loretta,Whitaker,Petroleum Engineer,166991.54,83
Scarlette,Turner,Management Analyst,230242.6,65
Dominick,Day,Nuclear Engineer,89814.64,45
Paula,Cobb,Mining and Geological Engineer,212408.27,52
Cairo,Simmons,Medical Scientist,227402.92,45
Cesar,O’Connor,Waiter or Waitress,90064.81,1
Thaddeus,Briggs,Civil Engineer,208508.15,18
Douglas,Knight,Announcer,119629.57,11
Khalid,Chambers,Software Developer,164182.55,45
Elaine,Ballard,Massage Therapist,194903.29,100
Crew,Solomon,Loan Officer,231429.15,58
Nellie,Griffith,Health and Safety Engineer,80528.58,22
Reagan,Riley,Waiter or Waitress,197529.9,80
Jamal,Whitaker,Zoologist,166753.69,86
Trenton,Orozco,Event Manager,191993.51,46
Kenia,Gutierrez,Electrical Engineer,176007.73,83
Juniper,Burnett,Technical Support Specialist,163423.39,31
Trent,Johns,Director of Marketing,214245.22,49
Reagan,Boyle,Customer Service Representative,126800.6,35
Raegan,Weber,Cook,77784.86,72
Berkley,Wang,Plumber,140549.91,21
Jada,Wall,Mining and Geological Engineer,122936.19,16
Amayah,Berger,Surgeon,83355.27,91
Carolyn,Cannon,Health and Safety Engineer,94257.47,93
Callum,Huffman,Customer Service Representative,89338.48,1
Daniella,Scott,Market Research Analyst,185774.09,69
Aaron,Martinez,Web Developer,199688.33,72
Cameron,Melendez,Biophysicist,184719.95,31
Lilly,Moreno,Agricultural Engineer,77304.33,27
Trace,Brennan,Biochemist,130289.87,87
Abdiel,Marks,Health and Safety Engineer,194014.18,60
Clarissa,Shaffer,Client Services Manager,120029.17,33
Bryce,Hensley,Mechanical Engineer,79842.2,54
Jocelyn,Valencia,Athletic Trainer,170706.12,5
Oliver,Solomon,Chief Executive Officer (CEO),159982.81,61
Raphael,Tate,Legal Assistant,194218.46,28
Aylin,Higgins,Sales Associate,244249.03,58
Liam,Copeland,Social Worker,240496.81,45
Lilah,Maddox,Civil Engineer,204518.56,56
Braelyn,Morales,Operations Manager,210522.57,19
Fernanda,Lang,Graphic Designer,181196.83,32
Eva,Burns,Urban and Regional Planner,130545.94,58
Nico,Coffey,Electrical Engineer,137912.33,17
Kohen,Cantu,Speech-Language Pathologist,230843.07,51
Simone,Beil,Teacher Assistant,226418.43,99
Sabrina,Flores,Medical Records and Health Information Technician,174028.37,59
Waylon,Bentley,Project Coordinator,236399.64,29
Jaxon,Thornton,Chief Financial Officer (CFO),198918.4,96
Brian,Barron,Training and Development Manager,167695.1,63
June,Bartlett,Industrial Engineer,197013.9,68
Shepherd,Lester,Chief Financial Officer (CFO),98680.69,98
Yamileth,Burnett,Public Relations Manager,116256.89,6
Karter,Sheppard,Recreation Worker,97493.51,91
Nyla,Vasquez,Copywriter,200583.81,22
Marlon,Quintero,Legal Assistant,234288.68,93
Adalee,Black,Bartender,165644.1,52
Dayton,Flowers,Rehabilitation Counselor,119934.33,64
Aliana,Horton,Anthropologist,114690.23,56
Dean,Cobb,Assistant Manager,101787.13,65
Graysen,Caldwell,Athletic Trainer,231785.48,34
Bailee,McMahon,Data Analyst,118995.59,2
Alaric,Hahn,Finance Manager,124603.19,29
Trenton,Estrada,Media Buyer,119123.08,48
Kennedi,Kane,Finance Manager,160403.31,93
Jolie,Rangel,Social Worker,134196.93,25
Brennan,Jordan,Content Manager,113855.26,25
Watson,Black,Media Buyer,192378.07,42
Blaise,Delacruz,Geoscientist,208637.86,50
Brecken,Gentry,Industrial Engineer,139563.0,78
Kailani,Santiago,Atmospheric Scientist,87956.02,29
Jamal,Olsen,Surgeon,122017.13,6
Elliot,Beard,Biochemist,148678.98,60
Skye,Bentley,Occupational Health and Safety Specialist,168351.33,15
Arlo,Ramsey,Network and Computer Systems Administrator,146665.76,100
Cayden,Walters,Childcare Worker,77262.81,26
Esme,Nunez,Business Analyst,225894.09,14
Alayah,King,Media Buyer,156626.15,1
Liliana,McBride,Broadcast and Sound Engineering Technician,136288.63,38
Jamal,Frederick,Sales Director,176884.18,19
Kiana,Martinez,Medical Scientist,151958.66,74
Roy,Aguirre,Sales Associate,236354.64,86
Judith,Bartlett,Graphic Designer,190359.22,59
Cayden,Saunders,Sociologist,155970.78,67
Braelynn,Huang,Account Manager,200744.28,20
Kody,Sierra,Recreation and Fitness Studies Teacher,190259.83,30
Clare,Hahn,Bartender,87417.94,42
Santana,Melton,Purchasing Manager,110069.31,55
Boden,Savage,Nanny,135972.39,92
Knox,Hartman,Computer Hardware Engineer,86894.93,41
Destiny,Jensen,Credit Analyst,198925.24,66
Loretta,Holloway,Branch Manager,148375.45,30
Kendrick,Norton,Announcer,186260.62,66
Kabir,Medrano,Public Relations Specialist,130164.13,18
Dominick,Le,Account Manager,94397.97,96
Jaylah,Maddox,Camera Operator,173181.88,89
Dallas,Burgess,Sales Engineer,219576.31,50
Kamiyah,Burch,UX Designer,200249.85,77
Callie,Mahoney,Software Engineer,178281.06,18
Chloe,Gutierrez,Branch Manager,205635.85,76
Jace,Robertson,Editor,173087.62,16
Sean,Keller,Client Services Manager,190059.0,90
Elora,Waller,Atmospheric Scientist,203286.43,51
Kayson,Frederick,Pharmacy Technician,190083.2,44
Willie,Carroll,Medical and Health Services Manager,139656.19,1
Leyla,Espinosa,Cost Estimator,164531.77,72
Louie,Powers,Information Security Analyst,133353.18,98
Conor,Duffy,Web Developer,95512.29,66
Mckenzie,Stewart,Compliance Officer,156951.59,46
Logan,Day,Microbiologist,159734.03,65
Jaiden,Weber,Biochemist,234448.21,26
Alanna,Walton,Correspondent,129615.09,17
Kaliyah,Bryant,Restaurant Manager,107090.17,28
Finnegan,Felix,Digital Marketing Manager,144439.9,62
Darwin,Montgomery,Psychologist,200891.07,37
Knox,Andrews,Medical and Health Services Manager,217869.66,50
Elora,Figueroa,Chemical Engineer,110719.08,20
Beau,Brock,Art Director,119144.37,47
Kaliyah,Roman,Social Worker,206302.26,85
Jaxx,Conway,Software Engineer,108205.02,61
Kaylie,Pennington,Electronics Engineer,248845.14,59
Galilea,Zamora,Hydrologist,131272.69,47
Gia,Schroeder,Assistant Manager,239245.13,35
Bear,Bradley,Research Assistant,194103.95,38
Teresa,Pearson,Client Services Manager,227012.3,29
Dayton,Jarvis,Musician,98833.23,85
Violeta,Vance,Legal Assistant,117465.57,76
Freyja,Marin,Agricultural and Food Scientist,93188.62,35
Logan,Clay,"Meeting, Convention, and Event Planner",186287.43,15
Noor,Dominguez,Survey Researcher,144431.99,69
Bo,Harris,Recreation and Fitness Studies Teacher,198205.1,52
Graysen,Lucas,Pharmacy Technician,151441.22,50
Conor,Lawrence,Chemist,186443.48,28
Amari,Cline,Mining and Geological Engineer,158346.51,48
Lea,Salazar,Training and Development Manager,130338.99,11
Andy,Todd,Chef,170210.62,40
Emilia,Smith,Labor Relations Specialist,209044.19,31
Livia,O’Connor,Human Resources Specialist,85456.41,25
Chanel,Padilla,Biophysicist,99331.12,64
Addilyn,Gilbert,Director of Sales,98002.99,11
Tripp,Mathis,Hydrologist,129578.3,44
Jaden,Casey,Optician,95844.48,75
Gunner,Graves,Nanny,177676.92,93
Eugene,Casey,Fitness Trainer,153332.02,69
Sean,Beasley,Barista,222262.49,12
Baylee,Ayers,Office Manager,167453.9,39
Penelope,Paul,Recruiter,239780.37,41
Mariam,Holloway,Public Relations Specialist,205511.03,17
Layne,Guevara,"Meeting, Convention, and Event Planner",245236.76,9
Phoenix,Meyer,Chemical Engineer,181512.37,57
Itzayana,Adams,Residential Advisor,112101.08,57
Zola,Morrow,Pharmacist,122999.58,7
Sage,Black,Editor,201212.99,92
Theodora,Buck,Physical Therapist,130386.84,60
Adalee,Cline,Musician,203582.97,84
Freyja,Freeman,Personal Financial Advisor,93107.85,5
Nolan,Randall,Chief Executive Officer (CEO),202660.59,4
Dior,Perez,Human Resources Specialist,184288.4,33
Molly,Leal,Producer and Director,195263.35,10
Jianna,McLaughlin,Electronics Engineer,99207.79,99
Baylee,Jensen,Civil Engineer,219736.24,26
Weston,Lawrence,Surveyor,171993.54,79
Gerald,Hardy,Pharmacy Technician,234647.91,36
Donovan,Acevedo,IT Manager,225821.05,91
Lukas,Armstrong,Financial Examiner,162869.0,81
Callum,Herrera,Urban and Regional Planner,164703.53,88
Maddox,Fields,Residential Advisor,181859.2,33
Darren,Moody,Biomedical Engineer,223991.63,9
Clark,Powers,Occupational Health and Safety Specialist,220029.36,52
Hana,Huang,Mining and Geological Engineer,149224.18,73
Prince,Roman,Musician,236498.46,28
Dahlia,Gilmore,Public Relations Specialist,168364.27,42
Moises,Curry,Software Engineer,86740.28,16
Meredith,Marin,Radiologic Technologist,142750.58,4
Ashton,Sierra,Architect,115434.57,12
Nico,Roman,Food Server,249048.53,5
Skyler,McDaniel,Chief Operating Officer (COO),231792.23,57
Erick,Ryan,Research Assistant,87798.54,75
Virginia,Aguirre,Software Developer,235668.56,10
Axel,Clark,Software Developer,80391.3,62
Cohen,Church,Aerospace Engineer,164096.08,51
Brody,Gentry,Announcer,192898.56,84
Stella,Drake,Food Server,189226.25,54
Bo,Warren,Electronics Engineer,193671.49,53
Kohen,Tanner,Media Buyer,237498.91,10
Clyde,Leblanc,Executive Assistant,216659.6,64
Michael,Roman,Technical Support Specialist,202138.7,81
Simone,Sellers,Business Analyst,76354.35,43
Alaiya,Johnson,Marketing Manager,179129.25,39
Amari,Roth,Physical Therapist,225900.41,82
Laney,Yoder,UX Designer,227997.76,3
Thaddeus,Tapia,Economist,178107.55,79
Thaddeus,Barajas,Plumber,84644.87,35
Bellamy,Howard,Geoscientist,118061.25,85
Jaxx,Roth,Systems Analyst,111251.72,10
Avery,Clayton,Construction Manager,76740.68,76
Yahir,Mills,Chef,203848.75,45
Khloe,Hanson,Budget Analyst,200237.25,43
Juniper,Bowen,Industrial Engineer,124381.47,66
Aidan,Davila,Transportation Engineer,170571.75,67
Thaddeus,Logan,Actor,154154.44,28
Queen,Mullen,Teacher Assistant,247524.82,16
Danielle,Norris,Biomedical Engineer,164463.74,10
Zariah,Johnston,Receptionist,80061.79,70
Damien,Mayer,Bartender,190968.78,73
Isaias,Cohen,Software Developer,244557.24,10
Shiloh,Flores,Waiter or Waitress,121862.57,34
Willie,Scott,Nuclear Engineer,170393.97,88
Phoenix,Frederick,Conservation Scientist,227240.58,42
Catalina,McDowell,Sales Manager,192243.65,62
Mackenzie,Melton,Fitness Trainer,112562.71,9
Jagger,Hahn,Administrative Assistant,227356.58,32
Frank,Schroeder,Compliance Officer,154986.53,90
Haylee,Hurst,Sales Engineer,221099.66,75
Felipe,James,Chief Technology Officer (CTO),219015.61,20
Laylani,Cervantes,Database Administrator,75317.79,16
Piper,Thornton,Public Relations Specialist,202753.69,45
Jamal,Briggs,Assistant Manager,209293.36,78
Tiana,Graham,Surveyor,118995.31,11
Wrenley,Ellison,Industrial Engineer,155551.72,26
Crew,Day,Operations Manager,185870.16,53
Jianna,Joseph,Art Director,203361.53,34
Leroy,Stephenson,Cost Estimator,215361.82,63
Prince,Beard,Receptionist,199055.56,61
Sabrina,Zhang,Chief Financial Officer (CFO),143327.11,3
Conor,Brooks,Psychologist,224876.07,88
Aaron,Grant,Finance Manager,112264.34,94
Anika,Shah,Restaurant Manager,172979.85,51
Ace,Chen,Geoscientist,203511.58,56
Azalea,Craig,Environmental Scientist,219098.77,44
Alaya,Kerr,Music Director,78306.06,95
Kyrie,Stanley,Health and Safety Engineer,121175.63,63
Paola,Howard,Public Relations Manager,192870.92,91
Kace,Smith,Research Assistant,168917.35,72
Emilia,Acevedo,Computer Programmer,113161.44,7
Angelica,Beard,Sociologist,185372.37,68
Ruth,Logan,Recruiter,93871.38,20
Paola,McMahon,Tax Examiner,174815.25,74
Nala,Daniel,Writer and Author,166817.39,46
Whitney,Allen,Sales Manager,79809.12,47
Zariah,Richmond,Industrial Engineer,123600.31,88
Parker,Huffman,Recreation Worker,160323.86,29
Helena,Carey,Human Resources Specialist,209021.43,56
Eve,Dodson,"Meeting, Convention, and Event Planner",139537.8,66
Maximiliano,Moran,Cost Estimator,103284.61,48
Gracelynn,Schroeder,Social Worker,203738.04,30
Kylan,Salgado,Receptionist,98758.04,59
Lance,Lin,Human Resources Specialist,222744.33,10
Kamiyah,Ramos,Massage Therapist,124556.59,72
Patrick,Patrick,Network and Computer Systems Administrator,167271.3,96
Mikayla,Hoover,Operations Manager,124386.29,48
Archer,Henson,Project Coordinator,209784.81,86
Quinn,Perez,Customer Service Representative,228289.84,94
Izaiah,Roman,Registered Nurse,175732.46,34
Janelle,Jackson,Product Manager,211452.15,83
Jericho,Conway,Sales Manager,98155.71,47
Enoch,Chapman,Physical Therapist,171781.33,2
Arlo,Cline,Finance Manager,179353.38,66
Ashton,Hail,Food Server,143902.0,100
Aiden,Harding,Forester,109241.64,5
Carolyn,Cohen,Zoologist,211983.56,23
Adelynn,Abbott,Technical Support Specialist,112823.84,27
Novalee,McCarty,Systems Analyst,168344.34,14
Eliel,Cantrell,Cook,153097.47,82
Kenia,Rice,Writer and Author,145547.41,95
Murphy,Leblanc,Content Manager,112791.83,80
Alaya,Francis,Human Resources Manager,218642.34,77
Lilah,Grant,Mining and Geological Engineer,149842.34,36
Thatcher,Finley,Web Developer,190260.66,79
Emory,Fry,Forester,180441.0,62
Kason,Rivers,Credit Analyst,91029.34,26
Giovanni,Banks,Geoscientist,225619.96,49
Arianna,Mathews,General Manager,176502.24,62
Sariyah,Manning,Account Executive,103663.58,36
Malachi,Dudley,Pharmacy Technician,162022.87,79
Gloria,Wang,Childcare Worker,191008.37,53
Jaxx,Foster,Client Services Manager,108735.3,85
Cesar,Keith,Project Coordinator,206233.99,35
Dean,Villarreal,Social Worker,184544.83,96
Leo,Larsen,Financial Examiner,126888.79,59
Casen,Grimes,Research Assistant,162979.32,65
Ira,Lawson,Urban and Regional Planner,99526.49,21
Jayceon,Fleming,Transportation Engineer,218367.36,53
Stephen,Frost,Chief Financial Officer (CFO),204419.39,95
Penelope,Hogan,Chemist,244485.1,91
Ronin,Schmitt,Event Manager,80091.1,26
Ensley,Morgan,Nuclear Engineer,100395.19,83
Kairi,Ball,Food Server,215544.79,77
Luis,Sandoval,Auditor,155818.84,31
Garrett,Huerta,Architect,177305.64,59
Benjamin,Baldwin,Conservation Scientist,163055.08,2
Dax,Buckley,Business Analyst,97156.21,93
Stella,Rhodes,Finance Manager,203377.44,16
Kaliyah,Orozco,Chief Executive Officer (CEO),248960.49,15
Dahlia,Maddox,Food Preparation Worker,171289.6,24
Dayton,Johns,Chemical Engineer,197990.68,30
Rocco,York,Urban and Regional Planner,97019.5,51
Jianna,Reeves,Graphic Designer,96745.11,20
Laylah,Dunlap,Radiologic Technologist,117205.39,29
Darwin,Powell,Business Development Manager,168190.82,89
Kelsey,Barton,Atmospheric Scientist,149740.0,94
Bonnie,Mullen,Restaurant Manager,130730.95,27
Cara,Chung,Public Relations Specialist,208864.42,32
Carlos,Goodman,Environmental Scientist,239163.26,15
Amora,Fields,Executive Assistant,141466.89,35
Ocean,Benjamin,Systems Analyst,124079.55,73
Dayton,Collier,Waiter or Waitress,111967.53,92
Gianna,Truong,Geographer,104631.47,56
Ander,Le,Nuclear Engineer,196855.98,97
Kohen,Pineda,Electrical Engineer,98808.58,20
Laylah,Stokes,Materials Engineer,230182.51,72
Callie,Ellis,Archaeologist,224087.55,98
Janiyah,Durham,Rehabilitation Counselor,140049.48,19
Arianna,Manning,Graphic Designer,221071.78,94
Reyna,Tyler,Producer and Director,124469.26,96
Banks,Armstrong,Food Server,191838.53,78
Nancy,Farley,Construction Manager,145699.23,22
Kairi,Cantu,Compensation and Benefits Manager,195831.08,61
Henrik,Correa,Research Assistant,212323.4,3
Khalid,Waters,Respiratory Therapist,81564.54,86
Camryn,Valentine,Survey Researcher,179637.22,36
Aidan,Duarte,Pharmacy Technician,196371.12,100
Dante,Peters,Customer Service Representative,100184.0,92
Andy,Giles,Producer and Director,225920.12,43
Lainey,Thomas,Data Scientist,81593.62,93
Justin,Lamb,Sales Director,210850.07,64
Rayne,Huang,Graphic Designer,147927.45,49
Mya,Buckley,Respiratory Therapist,228944.68,96
Wrenley,Marks,Auditor,78595.92,98
Lauren,Waller,Executive Assistant,150166.0,80
Freya,Pearson,Childcare Worker,178604.72,76
Alonso,Morse,Optician,120751.5,23
Colt,Morales,Environmental Scientist,160722.96,56
Laylani,McPherson,Management Analyst,126278.83,7
Tyler,Odom,Advertising Sales Agent,145795.16,45
Emerson,Adams,Tax Examiner,118439.27,4
Madeleine,Fry,Conservation Scientist,186898.83,36
Marley,Beard,Software Engineer,174897.62,80
Hana,Powell,Biophysicist,158119.57,87
Grant,Weber,Musician,134556.99,99
Robin,Velez,Recreation and Fitness Studies Teacher,174626.86,31
Alice,Martinez,Choreographer,137674.01,50
Hadleigh,Chan,Credit Analyst,123131.05,42
Ronin,Booker,Director of Sales,138717.58,58
Archer,Cox,Photographer,192099.29,95
Shiloh,Horne,Account Executive,183884.29,36
Colter,Delacruz,Chief Executive Officer (CEO),129945.74,30
Tyler,Jacobson,Health and Safety Engineer,81060.52,36
Sawyer,Davila,Product Manager,129766.23,87
Leonardo,Armstrong,Software Engineer,99228.13,55
Douglas,Leonard,Business Analyst,150897.57,42
David,Benton,Chief Executive Officer (CEO),161413.47,26
Kolton,Richards,Director of Sales,230643.7,77
Nathanael,Olsen,Copywriter,171622.33,61
Cameron,Perkins,Civil Engineer,141823.42,37
Yamileth,Cox,Survey Researcher,155450.4,92
Felipe,Thomas,Technical Support Specialist,193215.22,85
Quinn,Richardson,Survey Researcher,150403.95,27
Arjun,Huang,Surveyor,79490.0,95
Dayton,Buckley,Petroleum Engineer,143410.15,77
Dahlia,Moyer,Digital Marketing Manager,115254.58,91
Payton,Cortes,Anthropologist,234400.56,4
Ibrahim,Bradford,Psychologist,158565.54,18
Hadleigh,Burnett,Marketing Coordinator,113057.17,76
Whitney,Burke,Account Manager,106167.9,2
Kamryn,Keller,Biomedical Equipment Technician,138725.02,18
Teagan,Hess,Aerospace Engineer,75465.9,12
Lainey,Beard,Copywriter,162736.31,19
Milan,Hughes,Recruiter,168557.66,29
Aubriella,Abbott,Music Director,75869.34,49
Brycen,Stokes,Software Developer,111822.67,45
Lyric,Spencer,Producer and Director,116697.44,23
Pierce,Day,Waiter or Waitress,229266.32,80
Scarlet,Ayers,Surveyor,167071.21,51
Milo,Hoover,Director of Marketing,192470.4,58
Isaias,Walter,Environmental Scientist,207515.3,94
Lyric,Garrison,Human Resources Manager,223977.34,70
Jeremiah,Fry,Office Manager,218980.2,54
Delilah,Peralta,Fitness Trainer,230157.41,64
Michaela,Flores,Recruiter,75165.06,37
Jocelyn,Cobb,Copywriter,82458.91,46
Hadleigh,Perry,Residential Advisor,97228.7,49
Colson,Aguirre,Graphic Designer,107547.74,43
Darwin,Pennington,Archaeologist,169705.79,50
Louise,Hogan,Product Manager,119595.61,14
Zyair,Rosario,Data Scientist,86965.61,85
Elodie,Valdez,Cook,156295.08,12
Zakai,Lewis,Controller,150524.82,66
Ibrahim,Myers,Electrician,119627.55,40
Wells,Myers,Auditor,132442.76,2
Linda,Wolf,Graphic Designer,208769.72,14
Valery,Paul,Anthropologist,229972.39,33
Foster,Shannon,Sales Associate,182563.37,73
Grace,Mullen,Editor,119619.86,19
Ensley,Wallace,Digital Marketing Manager,224075.23,3
Leonardo,Banks,Executive Assistant,136368.26,15
Philip,Newton,Public Relations Manager,246742.64,31
Leyla,Villegas,Labor Relations Specialist,124094.1,52
Valery,Oliver,Writer and Author,168779.47,68
Astrid,Howard,Survey Researcher,118283.39,49
Layne,Wallace,Film and Video Editor,109896.93,2
Lilah,Lopez,Agricultural Engineer,246166.83,32
Analia,Davidson,Microbiologist,96827.88,48
Ramon,Haynes,Office Manager,98041.08,75
Mira,McConnell,Medical Scientist,139680.9,5
Grace,Lim,Systems Analyst,193374.08,62
Jennifer,Huffman,Veterinary Technician,236994.55,94
Connor,Sutton,Purchasing Manager,88004.9,40
Destiny,Ryan,Pharmacy Technician,156787.19,27
Roy,Travis,Environmental Engineer,187151.98,10
Carlos,Hail,Camera Operator,130324.78,66
Camille,Johns,Chief Technology Officer (CTO),197940.47,73
Laila,Baldwin,Operations Manager,241129.14,62
Bruce,Kerr,Residential Advisor,242013.04,74
Sarai,Ryan,Physician Assistant,234679.57,88
Sawyer,Andrews,Computer Hardware Engineer,207663.2,77
Megan,Wang,Software Developer,232042.56,90
Magdalena,Avila,Product Manager,172852.16,68
Addisyn,Andrews,Public Relations Specialist,129957.58,38
Apollo,Dudley,Biomedical Engineer,98791.23,67
Tripp,Pearson,Materials Engineer,207535.5,31
Kendrick,Cervantes,Marketing Coordinator,243751.63,71
Elodie,Williams,Solar Photovoltaic Installer,117761.09,1
Jesse,Arnold,UX Designer,160791.18,13
Astrid,Morrow,Health and Safety Engineer,212222.48,17
Sienna,Guevara,Medical Scientist,232715.32,63
Lorenzo,Best,Finance Manager,187961.51,12
Grady,Aguirre,Bartender,233762.61,88
Shiloh,Poole,Industrial Engineer,209145.62,19
Dayton,Santiago,Pharmacist,82734.28,96
Paloma,Frederick,Computer Programmer,248976.57,82
Fallon,Moran,Cost Estimator,120343.9,26
Lyric,Paul,Zoologist,231812.32,59
Averi,West,Labor Relations Specialist,93569.35,89
Banks,Ward,Marketing Coordinator,173021.01,34
Cullen,Terrell,Computer Hardware Engineer,158130.31,42
Raymond,Randolph,Geoscientist,98587.47,7
Kayson,Sparks,Conservation Scientist,246623.33,99
Brecken,Camacho,Sales Manager,112089.83,38
Virginia,Morse,General Manager,181410.46,70
Jaiden,Dunlap,Political Scientist,134433.45,94
Martin,Farley,Event Manager,103605.32,54
Arianna,Robertson,Business Analyst,131842.92,54
Soren,Floyd,Graphic Designer,234204.34,43
Erick,Miller,Recreation and Fitness Studies Teacher,186294.38,93
Rivka,Strong,Zoologist,82044.46,96
Vera,Marin,Agricultural Engineer,205921.09,78
Waylon,Weber,Financial Examiner,206331.22,53
Averi,Lawrence,Biomedical Engineer,232151.26,89
Lauren,Shah,Food Preparation Worker,222282.87,7
Logan,Scott,Biochemist,220615.13,32
Arianna,Cohen,Childcare Worker,99498.46,96
Molly,Strong,Public Relations Manager,177277.02,98
Scarlet,Beard,Financial Analyst,216524.5,82
Sabrina,Curry,Branch Manager,229691.99,3
Kabir,Solis,Respiratory Therapist,151451.58,53
Zuri,Sierra,Financial Analyst,183707.67,9
Simone,Valenzuela,Information Security Analyst,138998.21,1
Christopher,Graham,Medical and Health Services Manager,146602.74,9
Morgan,Reyes,Sales Manager,196681.86,16
Parker,Miller,Budget Analyst,204635.9,23
Eli,Franco,Office Manager,157427.78,87
Mikayla,Ward,Credit Analyst,180914.6,32
Zariah,Salazar,Chief Technology Officer (CTO),136884.18,10
Jared,Stevenson,Surveyor,245387.68,90
Watson,Branch,Biophysicist,201436.53,35
Gianni,McPherson,Civil Engineer,167770.16,80
Elaine,Magana,Computer Programmer,204232.05,58
Berkley,Nielsen,UX Designer,199569.69,18
Mae,Keith,Agricultural Engineer,175625.19,75
Musa,Daugherty,Project Manager,112255.73,3
Brody,Wagner,Art Director,110853.8,72
Mila,Gregory,Data Scientist,207043.23,88
Veda,Walton,Athletic Trainer,77377.16,64
Kieran,Glover,Respiratory Therapist,182893.36,12
Clyde,Daniel,Business Development Manager,206558.58,18
Yousef,Wang,Data Analyst,112936.5,93
Princess,Burke,Training and Development Manager,126772.45,56
Kinslee,Holt,Content Manager,185859.2,53
Lyric,Griffin,Health and Safety Engineer,220014.34,88
Demi,Ellis,Branch Manager,107907.73,41
Armando,Paul,Petroleum Engineer,199578.43,46
Noah,Briggs,Plumber,96583.51,22
Carolyn,Perry,Customer Service Representative,222342.54,93
Ibrahim,Berger,Actor,210013.78,69
Charley,Rhodes,Software Engineer,222218.53,59
Zaiden,Monroe,Choreographer,147337.36,90
Francesca,Phelps,Electrical Engineer,92960.56,26
Gracelyn,Chapman,Project Manager,158098.32,25
Nellie,Benjamin,Branch Manager,249510.89,31
Leroy,Long,Solar Photovoltaic Installer,212414.68,21
Aila,Thomas,UX Designer,138275.9,74
Hadleigh,Berger,Compliance Officer,102321.44,61
Drew,Owen,Cost Estimator,85126.5,27
Kabir,Montgomery,Mechanical Engineer,194064.68,52
Freya,Zamora,Correspondent,139956.73,72
Norah,Huff,Research Assistant,135690.51,41
Moises,Welch,Plumber,172476.26,55
Franklin,Russell,Urban and Regional Planner,84739.67,72
Helena,Cochran,Art Director,188805.89,79
Ayden,Morgan,Marketing Coordinator,179022.41,41
Margo,Anthony,Graphic Designer,233379.49,21
Gia,Guevara,Correspondent,130579.01,35
Rayna,David,Operations Manager,128345.71,47
Stanley,West,Marketing Coordinator,98148.87,51
Ayleen,Davila,Nuclear Engineer,213324.0,56
Cedric,Randall,Software Engineer,94172.5,72
Erick,Leal,Film and Video Editor,136024.17,95
Haylee,Gibson,"Meeting, Convention, and Event Planner",83057.7,61
Juniper,Nunez,Speech-Language Pathologist,158695.39,92
Jagger,Ramirez,Training and Development Manager,242001.05,88
Cairo,Johnston,Operations Manager,196649.02,66
Robin,Bush,Financial Examiner,155548.38,2
Averi,Harmon,Marketing Manager,142676.15,67
Archer,Schmidt,Media Buyer,134988.24,11
Bruce,Norton,Operations Manager,242890.11,8
Kayson,Jarvis,Account Executive,237259.57,95
Boden,Lamb,Environmental Scientist,160903.63,87
Winter,Norris,Veterinary Technician,231838.75,41
Ernesto,Roman,Medical and Health Services Manager,168783.59,84
Francesca,Rice,Training and Development Manager,124324.86,98
Chris,McLaughlin,Residential Advisor,92206.42,98
Leyla,Warren,Archaeologist,131780.15,29
Joanna,Hobbs,Host or Hostess,174827.35,91
Trinity,Clayton,Technical Support Specialist,105017.1,33
Galilea,Campos,Survey Researcher,96299.82,58
Guadalupe,Henry,Materials Engineer,160294.39,87
Milena,Stone,Forester,129030.04,72
Quincy,Ellison,IT Manager,78049.33,77
Armani,Gill,Civil Engineer,77226.93,31
Alia,Casey,Software Developer,82495.65,74
Kimberly,Jenkins,"Employment, Recruitment, and Placement Specialist",177747.13,35
Alejandro,Price,Forester,112458.02,79
Sierra,Woods,Project Coordinator,119128.48,54
Kaydence,Murillo,Choreographer,127547.72,6
Anika,Ryan,Barista,91098.5,45
Gracie,Hopkins,Nuclear Engineer,235647.81,2
Lawrence,Nolan,Medical Records and Health Information Technician,137430.69,89
Boone,Shannon,Survey Researcher,178725.08,74
Leland,Logan,Industrial Engineer,159700.04,73
Emory,King,Training and Development Manager,154009.9,10
Santos,Cantu,Cost Estimator,215685.82,93
Mariam,Wang,Controller,176809.7,39
Charley,Wilkerson,Chief Technology Officer (CTO),213617.33,79
Riggs,Patton,Musician,165810.6,49
Briggs,Huerta,Writer and Author,111613.68,1
Jordan,Williams,Nanny,214139.7,58
Carly,Townsend,Auditor,239696.17,64
Bode,Randolph,Barista,88782.33,32
Aaron,Aguilar,Branch Manager,80981.69,98
Arian,Bryant,Rehabilitation Counselor,172364.74,86
Noah,Nielsen,Biomedical Equipment Technician,127080.88,43
Watson,Snyder,Business Development Manager,115765.32,20
Elliot,Lindsey,Information Security Analyst,79039.89,22
Belen,Conway,Nuclear Engineer,173804.31,10
Louie,Weber,Account Manager,106165.33,54
Aiden,Patrick,Electrical Engineer,149372.01,89
Mila,Larsen,Speech-Language Pathologist,79110.55,80
Kate,Owen,Agricultural and Food Scientist,187767.9,14
Colton,Campos,Wind Turbine Technician,89706.99,33
Mason,Snyder,Data Scientist,233201.86,76
Isaias,Bentley,Construction Manager,92792.38,57
Phoenix,Stevenson,Copywriter,200743.81,54
Allison,Butler,Microbiologist,157557.04,82
Rayna,Ayers,Fundraiser,109861.81,77
Eugene,Murillo,Respiratory Therapist,235798.55,58
Yaretzi,Todd,Music Director,172261.1,62
Zoie,Robinson,Actor,124142.97,12
Clare,Wilcox,Media Buyer,126772.9,29
Demi,Jordan,Barista,161384.47,2
Everett,Powers,Event Manager,220103.79,71
Theodora,Jaramillo,Nuclear Engineer,98232.47,73
Brynn,Sherman,Psychologist,238650.63,94
Kash,Dunn,Broadcast and Sound Engineering Technician,161557.15,57
Juniper,Prince,Compliance Officer,227036.42,73
Jaylin,Raymond,Art Director,199333.49,9
Harlow,Monroe,Writer and Author,230524.89,47
Frida,Pitts,Multimedia Artist and Animator,158026.61,22
Abigail,Guerra,Tax Examiner,162050.74,80
Aspen,Briggs,Atmospheric Scientist,111641.99,54
Juliet,Morgan,Pharmacist,171711.42,97
Harris,Guerra,Waiter or Waitress,208443.39,57
Kailani,Bryant,Camera Operator,91941.67,15
Kathryn,Glass,Chief Technology Officer (CTO),117904.61,88
Lukas,Jensen,Architect,141877.26,18
Jane,Moody,Musician,110850.81,39
Mara,Avalos,Speech-Language Pathologist,198892.98,41
Mallory,Blake,Editor,118446.34,41
Isabella,Sandoval,UX Designer,218373.42,8
Isaias,Roman,Copywriter,81523.07,21
Ray,Nelson,Plumber,78195.33,81
Rowan,Banks,Biochemist,91078.69,38
Demi,Frederick,Mechanical Engineer,134285.45,53
Aiden,Sullivan,Rehabilitation Counselor,100887.35,64
Murphy,Delacruz,Credit Analyst,222308.31,41
Gianna,Cannon,Office Manager,129202.68,26
Kallie,Kemp,Human Resources Manager,245340.51,100
Laylah,Poole,"Employment, Recruitment, and Placement Specialist",148201.37,8
Lukas,Johnson,Medical Records and Health Information Technician,126675.82,18
Kynlee,Rangel,Musician,164137.17,72
Ember,Gibson,Director of Marketing,138036.35,71
Grady,Shah,Office Manager,93563.65,4
Crew,Figueroa,Data Scientist,218343.05,94
Margot,Simmons,Product Manager,141457.86,69
Gloria,Morales,Psychologist,131361.49,5
Elaine,Fry,Loan Officer,207550.97,10
Quentin,Stuart,Graphic Designer,231098.58,45
Yaretzi,Lim,Assistant Manager,96511.77,32
Livia,Goodman,Forester,129633.2,58
Remi,Hicks,Film and Video Editor,202416.83,78
Harris,Black,Correspondent,184951.81,2
Adalynn,Hunt,Financial Examiner,225958.38,46
Ivanna,Bailey,Survey Researcher,120656.9,61
Sawyer,Newton,Electronics Engineer,165460.61,54
Ensley,Clayton,Host or Hostess,241078.48,53
Sawyer,Ahmed,Personal Care Aide,235384.81,86
Gianna,Kemp,Chemist,221255.11,89
Arlo,Daniel,Copywriter,199871.65,27
Jaxon,Blankenship,Sales Associate,176841.83,90
Rodney,Santiago,Sales Engineer,101859.0,63
Gracelyn,Wall,Client Services Manager,249333.82,97
Nikolai,Landry,Branch Manager,106476.88,44
Axton,Mayo,Host or Hostess,132127.99,78
Aries,Villalobos,IT Manager,103975.97,73
Dominick,Cannon,Agricultural Engineer,225774.87,58
Sutton,Villarreal,Electrician,186439.87,71
Casen,Nelson,Massage Therapist,213131.61,60
Knox,Morton,Barista,119554.07,64
Janelle,Stone,Survey Researcher,143767.54,6
Caleb,Orr,"Employment, Recruitment, and Placement Specialist",131630.07,45
Keenan,Newton,UX Designer,136891.28,65
Madalyn,Nolan,Nanny,187747.23,28
Freya,Powers,Sociologist,80505.18,97
Titus,Weaver,Software Developer,237981.54,68
Giovanni,Copeland,Project Coordinator,142739.64,100
Keenan,Johnston,Dancer,88768.91,51
Sienna,Stokes,Bartender,127129.54,95
Timothy,Pittman,Broadcast and Sound Engineering Technician,227525.38,95
Dustin,Norris,Advertising Sales Agent,205294.0,67
Megan,Felix,Biomedical Equipment Technician,233023.04,64
Hadleigh,Rosario,Atmospheric Scientist,240573.39,35
Payton,Wang,Reporter,192879.1,71
Bellamy,Mathis,Graphic Designer,110087.39,43
Tyson,Lucas,Account Manager,224401.2,60
Kayson,Gordon,IT Manager,151307.74,84
Nico,Booker,Surveyor,76562.81,78
Alex,Castillo,"Employment, Recruitment, and Placement Specialist",207118.01,21
Simone,Cox,Announcer,164398.76,55
Riggs,Day,Director of Marketing,106808.51,32
Meilani,Fletcher,Accountant,79124.36,68
Itzayana,Figueroa,Physician Assistant,111332.54,23
Sienna,Day,Content Manager,216802.18,85
Mikayla,Schmitt,Rehabilitation Counselor,112564.42,38
Emilia,Arellano,Chief Financial Officer (CFO),104426.11,5
Nolan,Morton,Geographer,130332.89,42
Louisa,Gallegos,Network and Computer Systems Administrator,83558.98,9
Meadow,Quintana,Business Analyst,95504.2,12
Kamari,Callahan,Customer Service Representative,157032.67,40
Fernando,Velez,Software Developer,228914.83,78
Casen,Campos,Film and Video Editor,174875.05,58
Lyric,Wall,Industrial Engineer,194445.79,26
August,Bartlett,Photographer,90389.96,74
Alexis,Gibson,Childcare Worker,241439.86,32
Kayson,Graves,Cost Estimator,130722.41,90
Maurice,Smith,Labor Relations Specialist,161137.31,46
Crew,Carey,Finance Manager,142703.9,76
Bennett,Xiong,Archaeologist,108658.82,32
Bellamy,Hensley,Athletic Trainer,230384.37,49
Korbyn,Walton,Software Developer,87835.59,43
Yamileth,Sellers,Chief Operating Officer (COO),187820.54,19
Reyna,Calderon,Surgeon,86231.07,28
Lawrence,Hickman,Writer and Author,92958.17,34
Jonah,Woods,Director of Marketing,181168.8,76
Zion,Lin,Zoologist,113355.77,38
Jaxx,Leal,Auditor,159643.1,58
Jordyn,Beasley,Geographer,198966.95,34
Harris,McMahon,Geoscientist,103426.44,91
Sawyer,Roth,Music Director,208696.07,67
Amaris,Beasley,Physician Assistant,111440.62,9
Jedidiah,Duarte,Financial Analyst,233706.61,60
Kiana,Robertson,Legal Assistant,178355.01,50
Judith,Underwood,Group Fitness Instructor,121362.53,19
Loretta,Carroll,Branch Manager,161506.74,20
Raegan,Warren,Geographer,204283.75,92
Hadleigh,Maynard,Sociologist,227406.87,2
Adalee,Moran,Medical Records and Health Information Technician,227859.47,21
Grant,Maynard,Account Executive,111921.42,31
Aiden,Solomon,Architect,85911.58,80
Chris,Glenn,Agricultural and Food Scientist,196860.99,69
Lukas,Lloyd,Editor,225147.44,16
Bruno,Jacobson,Cost Estimator,242672.5,98
Milani,Carrillo,Recreation and Fitness Studies Teacher,128178.37,49
Amaris,Mullen,Executive Assistant,98349.96,53
Lennon,Velez,Industrial Engineer,153000.22,64
Blaise,Moran,Marketing Manager,140131.01,17
Saul,Dunlap,Compensation and Benefits Manager,205377.0,21
Frank,Hayden,Geoscientist,170206.61,4
Kaysen,York,Urban and Regional Planner,193001.49,61
Natalie,Liu,Copywriter,100200.06,27
Lyra,Matthews,"Meeting, Convention, and Event Planner",131521.49,73
Maximiliano,Moyer,Client Services Manager,142022.78,22
Cassidy,White,Recreation and Fitness Studies Teacher,103162.47,56
Mabel,Grimes,Business Analyst,95526.75,65
Ahmad,Flores,Rehabilitation Counselor,161381.58,36
Aspen,Wallace,Conservation Scientist,154945.55,85
Tatum,Gentry,Operations Manager,129535.12,58
Cadence,Grimes,Information Security Analyst,170564.35,93
Eve,Hodges,Barista,247700.46,61
Kace,Harding,Construction Manager,92563.38,43
Jordyn,Moreno,Media Buyer,151122.0,21
Colette,Hodges,Correspondent,243039.43,78
Willie,Jaramillo,Information Security Analyst,164075.92,4
Zuri,Sparks,Cost Estimator,248131.96,25
Pierce,Marquez,Nanny,159697.84,34
Leo,Wall,Medical Records and Health Information Technician,159231.74,29
Noel,Griffin,Chief Operating Officer (COO),114965.19,11
Molly,Harding,Data Analyst,126704.7,8
Meadow,Powers,Food Preparation Worker,120334.59,91
Kaitlyn,McDaniel,Survey Researcher,241904.17,42
Dion,Robinson,Choreographer,221945.02,41
Lincoln,O’Connor,Medical Records and Health Information Technician,165551.79,16
Marlon,King,Software Developer,126481.5,32
Belen,Dominguez,Physician Assistant,238693.6,14
Liam,Swanson,Optician,235000.39,49
Eloise,Marsh,Materials Engineer,179610.22,71
Brian,Mata,Chemist,131125.35,43
Elodie,Flores,Tax Examiner,169388.41,76
Aylin,Rice,"Employment, Recruitment, and Placement Specialist",83733.36,88
Damien,Morales,Teacher Assistant,220357.1,31
Frida,Ayers,Human Resources Specialist,105734.97,61
Milan,Valencia,Hydrologist,213632.75,53
Zariah,Lawrence,Athletic Trainer,171297.77,75
Jesus,Turner,Electronics Engineer,125029.24,55
Makai,Coffey,Dancer,202639.72,10
Mabel,Blackwell,Chemical Engineer,75768.98,2
Xander,Corona,Office Manager,216651.16,70
Axel,Warren,Administrative Assistant,110318.62,45
Macy,Marsh,Chief Financial Officer (CFO),106027.64,77
Keaton,Tyler,Account Executive,206196.1,7
Maddox,Floyd,Media Buyer,107628.0,41
Zariah,Chung,Nuclear Engineer,112195.27,46
Brooklyn,Valdez,Graphic Designer,242938.64,82
Elaine,Rivers,Radiologic Technologist,242578.86,69
Nolan,Guerrero,Physicist,164854.92,100
Stella,Burke,Wind Turbine Technician,94752.27,26
Kennedi,Ramos,Account Executive,244816.54,64
Banks,Gould,Receptionist,142292.19,16
Keaton,Sutton,Food Preparation Worker,150464.06,42
Elliot,Warren,Food Preparation Worker,236403.79,55
Gerald,Craig,Data Scientist,134350.59,23
Keira,Rhodes,Producer and Director,227931.26,38
Kaleb,Chan,Writer and Author,218301.84,77
Finnegan,Gordon,Urban and Regional Planner,221486.78,87
Leyla,Cantrell,Forester,90847.54,86
Kalani,Lugo,Pharmacy Technician,176531.78,70
Morgan,Flores,Director of Sales,128647.67,45
Elora,Roberson,Sales Manager,141018.95,83
Kaleb,Robertson,Survey Researcher,125733.97,45
Prince,Waters,Biophysicist,160844.34,25
Cadence,Bryant,Anthropologist,182580.09,66
Trinity,Giles,Aerospace Engineer,136141.62,86
Emerson,Stewart,Network and Computer Systems Administrator,212948.97,97
Princeton,Meyers,Executive Assistant,237269.18,52
Angelica,Parks,Producer and Director,176398.7,65
Astrid,Bowen,Auditor,195126.18,27
Lawrence,Leonard,Technical Support Specialist,232631.35,46
Kalani,Richards,Digital Marketing Manager,177403.53,90
Duncan,White,Food Server,181918.41,27
Bethany,Fields,Chief Executive Officer (CEO),155389.08,55
Berkley,Prince,Rehabilitation Counselor,121222.98,94
Kody,Henson,Solar Photovoltaic Installer,85841.37,36
Zyaire,Roman,IT Manager,85933.25,9
Esme,Johnston,Chef,156868.08,6
Lucas,Horne,Fitness Trainer,164296.22,78
Derrick,Glover,Pharmacy Technician,127294.7,50
Kaitlyn,Frederick,Microbiologist,215576.94,26
Kara,McLaughlin,Chef,238482.68,31
Izabella,Vance,Budget Analyst,150194.42,62
Kalani,Whitaker,Graphic Designer,212357.97,53
Ray,Price,Writer and Author,196344.7,32
Magdalena,Daniel,Legal Assistant,144243.34,89
Maddox,Lewis,Health and Safety Engineer,234543.4,100
Grey,Haynes,Physician Assistant,105628.22,10
Luis,Hughes,Childcare Worker,234299.48,11
Paula,Hendrix,Medical Scientist,196014.03,10
Ruben,Schneider,Agricultural and Food Scientist,162952.36,80
Egypt,Patton,Personal Care Aide,193509.02,77
Dion,Le,Group Fitness Instructor,218909.08,100
Zoya,Guerrero,Biophysicist,234735.92,47
Raegan,Welch,Administrative Assistant,173354.23,18
Keenan,McConnell,Project Coordinator,226256.77,67
Natalie,Daniel,Sales Manager,211751.54,46
Jesse,Castaneda,Chief Technology Officer (CTO),149109.95,35
Seth,Henderson,Director of Marketing,175008.42,77
Ayleen,Palacios,Food Preparation Worker,105721.72,19
Frank,Lopez,Executive Assistant,207476.38,41
Galilea,Chapman,Technical Support Specialist,177772.29,22
Tripp,McLaughlin,Economist,106026.63,66
Frank,Salazar,IT Manager,189973.96,57
Stephen,Friedman,Rehabilitation Counselor,184170.23,30
Astrid,Benton,Athletic Trainer,219072.49,37
Vera,O’Donnell,Cost Estimator,210048.15,57
Darwin,Nolan,Director of Sales,129890.67,28
Amelie,Hess,Veterinary Technician,172898.33,47
Jesus,Odom,Research Assistant,90516.68,35
Harlan,Anthony,Human Resources Specialist,123855.29,5
Kallie,Lopez,Geoscientist,154335.63,86
Katelyn,Cox,Information Security Analyst,119158.48,15
Nora,Walter,Civil Engineer,170198.84,11
Cedric,Perkins,Advertising Sales Agent,181037.66,54
Damien,Graham,Agricultural and Food Scientist,84500.75,89
Emery,Beasley,Actor,155482.75,81
Olive,Chung,Producer and Director,142739.18,87
Amiyah,Gardner,General Manager,154717.36,65
Kairi,Andrews,Biomedical Equipment Technician,203776.24,28
Aries,Meyer,Choreographer,75831.25,46
Ashton,Waller,Software Developer,136351.93,93
Layne,Marks,Surveyor,230931.51,81
Princess,Kerr,Petroleum Engineer,119197.86,90
Daniella,Schmitt,Reporter,134818.79,77
Kayson,Marshall,Personal Financial Advisor,245964.23,95
Axel,Roach,Web Developer,89996.85,23
Jianna,Reyna,Materials Engineer,186389.06,100
Michaela,Quintero,Food Server,190690.05,34
Thatcher,Todd,Software Engineer,124114.68,22
Charley,Snyder,Film and Video Editor,132172.6,92
Conor,McDaniel,Chemical Engineer,218760.07,19
Keenan,Baldwin,Broadcast and Sound Engineering Technician,182947.52,44
Angelica,McDaniel,Environmental Scientist,222519.93,53
Lilith,Maynard,Transportation Engineer,233802.75,23
Aylin,Khan,Civil Engineer,232974.51,33
Emilia,Knapp,Anthropologist,148092.61,78
Maddison,McGuire,Research Assistant,113488.19,8
Kaleb,Morton,Graphic Designer,151449.25,62
Quinn,Roman,Group Fitness Instructor,233660.82,5
Celeste,Bentley,Actor,169928.88,74
Ty,Lopez,Pharmacy Technician,90372.67,28
Galilea,Berry,Psychologist,135518.22,54
Maximiliano,Ayers,Sales Engineer,170849.65,41
Deacon,Hamilton,Personal Care Aide,217603.67,8
Maddox,Perry,Editor,183902.02,100
Bethany,Mullen,Nanny,186491.29,99
Jon,Henry,Film and Video Editor,218542.92,87
Galilea,Zamora,Optician,113043.72,47
Yaretzi,Chambers,Musician,77216.99,1
Ray,Prince,Photographer,89673.27,84
Alaya,Villegas,Environmental Engineer,132069.41,53
Philip,Gentry,Software Developer,219170.16,7
Maximiliano,Keith,Conservation Scientist,123335.04,48
Benicio,Blackburn,Medical Records and Health Information Technician,210198.21,87
Bishop,Black,Reporter,105876.49,36
Kabir,Powers,Industrial Engineer,168012.78,2
Regina,Castillo,Food Server,222983.22,72
Jesus,Garner,Dancer,177227.48,21
Molly,Buckley,Registered Nurse,121695.37,95
Kieran,Zhang,Public Relations Manager,135724.03,42
Gunner,Salgado,Financial Examiner,98798.1,79
Clayton,Simon,Microbiologist,148870.89,86
Cora,King,Business Analyst,157318.54,2
Yousef,Swanson,Account Executive,93378.25,81
Douglas,Travis,Plumber,222033.5,9
Bethany,Huang,Chef,238846.82,25
Chana,Patton,Personal Financial Advisor,214774.54,68
Chana,Hickman,Archaeologist,229640.12,27
Melvin,Banks,Electronics Engineer,199556.14,8
Malaya,Bonilla,Food Server,222739.77,97
Remi,Hendrix,Media Buyer,244675.88,11
Molly,Mora,Film and Video Editor,218073.62,47
Rowan,Mosley,Fundraiser,213037.69,1
Tripp,Suarez,Fundraiser,173059.86,96
Blaise,Murphy,Zoologist,225306.15,62
Braden,Estrada,Web Developer,237814.46,48
Adelynn,Poole,Market Research Analyst,224247.09,24
Marcellus,Avila,Digital Marketing Manager,180862.63,6
Zaiden,Bridges,Electrician,106526.39,36
Yousef,Ayers,Legal Assistant,212816.92,4
Conor,Clark,UX Designer,80724.51,86
Gloria,Orr,Residential Advisor,100834.84,90
Andy,Ball,Technical Support Specialist,229685.9,15
Paola,Campbell,Personal Financial Advisor,189865.42,30
Kairi,Floyd,Business Analyst,98903.19,35
Demi,Hardy,Archaeologist,166717.98,95
Faye,Andersen,Product Manager,248188.21,92
Megan,King,Nanny,150018.19,59
Nikolas,Hancock,UX Designer,175588.06,12
Analia,Lucero,Environmental Scientist,76237.99,49
Helena,McDaniel,Recreation Worker,119214.93,100
Kieran,Patton,Speech-Language Pathologist,119154.75,95
Meadow,Joseph,Solar Photovoltaic Installer,248067.89,58
Alma,McDaniel,Business Development Manager,90003.02,84
Bellamy,Montgomery,Announcer,230991.14,40
Eliel,Poole,Camera Operator,193846.0,73
Jayceon,Rosales,Business Analyst,94815.96,93
Sawyer,Stokes,Marketing Coordinator,176504.28,62
Waylon,Colon,Market Research Analyst,187468.33,72
Keira,Stephens,Cost Estimator,211053.41,74
Trinity,Xiong,Host or Hostess,196751.44,61
Conor,Finley,Cook,106564.7,49
Aspyn,McCoy,Accountant,186551.97,77
Hadleigh,Dominguez,Economist,200459.97,70
Douglas,Hoover,Tax Examiner,163756.58,13
Kolton,Newton,Marketing Manager,182104.13,65
Shay,Waller,Veterinary Technician,237727.06,52
Dion,Abbott,Purchasing Manager,195044.1,76
Aden,Gentry,Mechanical Engineer,171782.44,47
Leo,Coffey,Waiter or Waitress,175090.78,31
Analia,Daugherty,Medical Records and Health Information Technician,109478.64,38
Dax,Avila,Chef,148310.32,43
Lane,Cohen,Public Relations Specialist,175465.2,92
Simone,Floyd,Health and Safety Engineer,227744.27,78
Watson,Marsh,Medical Records and Health Information Technician,76224.78,6
Deandre,Gallegos,Musician,161310.53,87
Jax,Avila,Surgeon,112008.27,3
Jayceon,Peters,Client Services Manager,86061.37,34
Trinity,Baker,Materials Engineer,202853.22,34
Mackenzie,O’Donnell,"Employment, Recruitment, and Placement Specialist",107249.83,11
Arianna,Gilmore,Media Buyer,248334.6,52
Zyair,Nunez,Data Scientist,91737.12,42
Cesar,Spencer,Loan Officer,221819.85,67
Yamileth,Mueller,Producer and Director,173838.58,75
Remy,Gordon,Administrative Assistant,150136.91,28
Lilith,Tyler,Group Fitness Instructor,160700.63,70
Elizabeth,Mason,Editor,111246.48,83
Henley,Hunter,Solar Photovoltaic Installer,219618.4,41
Henrik,Roman,Nuclear Engineer,131739.86,14
Leandro,Padilla,Speech-Language Pathologist,141880.39,46
Archie,Avila,Cost Estimator,205499.84,9
Valery,Schroeder,Biomedical Equipment Technician,88407.95,31
Khloe,Orozco,Recruiter,231414.4,40
Gracelyn,Jackson,Research Assistant,208854.1,79
Matteo,Grimes,Human Resources Specialist,220173.5,81
Keira,Salgado,Physicist,148531.55,94
Pierce,Randall,Food Preparation Worker,193398.01,77
Jamir,Blake,Chemist,77328.03,53
Giavanna,Manning,Geoscientist,98065.77,60
Isabella,Guerrero,Archaeologist,249971.78,74
Molly,King,Cook,114630.33,12
Liam,McCoy,Food Preparation Worker,92634.6,15
Armando,Hurst,Biochemist,194156.25,89
Drake,Salazar,Host or Hostess,187731.46,95
Ibrahim,Wiley,UX Designer,175433.9,78
Aurora,Aguirre,Dancer,103256.43,21
Mylah,Livingston,Credit Analyst,209423.34,56
Grace,Marshall,Chief Technology Officer (CTO),228185.54,19
Thaddeus,Black,Nuclear Engineer,96965.64,55
Jaxon,Johnson,Childcare Worker,118497.09,82
